script,wake_model,seed,method,AEP [GWh],Surrogate AEP [GWh],Improvement over Horns Rev [GWh],runtime_sec,iterations,wd_step_deg,n_wd,ws
ResultsSS,NOJ,1,Current Horns Rev,701.8653557500002,70.47447376426608,0.0,0.0,0,10,36,9.6
ResultsSS,NOJ,1,SmartStart,712.5999260931526,72.27765953724,10.734570343152427,120.81859369995072,0,10,36,9.6
ResultsSS,NOJ,1,SS--2S,714.5663652998835,73.10867455617128,12.701009549883338,25726.132000999933,640,10,36,9.6
ResultsSS,NOJ,1,SS--GB,713.2117641175525,72.72774073245121,11.346408367552385,934.9636634999188,2000,10,36,9.6
ResultsSS,NOJ,1,SS--2S--GB,714.5663652998835,73.10867455617128,12.701009549883338,25734.67157049995,2640,10,36,9.6
